threads,time_s,speedup,efficiency
1,2.88839,1,1
2,5.40079,0.534809,0.267404
4,8.32093,0.347124,0.0867809
