function,time_s,percent
grid_rebuild,0.153802,7.82263
contacts,1.56919,79.812
walls,0.0663426,3.3743
integrate,0.0822083,4.18126
total,1.96611,100
